RADDOSE Image Number, DWD Angle, DWD, Vol, 1A RDE, 2A RDE, 3A RDE, 4A RDE, max res RDE
1.0,175.0,0.223804345323119,99999.99996999998,0.9393043106223028,0.9809122580821931,0.9903732706823822,0.9940858227475,0.9809122580821931
2.0,175.8949999999,0.6563510239605618,99999.99996999998,0.8322409450873995,0.9450477983508333,0.972029543117089,0.9827544362813885,0.9450477983508333
3.0,176.7899999998,1.0418361470014208,99999.99996999998,0.7471540023903835,0.9141919575607111,0.9559681509133969,0.972764811206217,0.9141919575607111
4.0,177.6849999997,1.3448238731051676,99999.99996999998,0.6864282466326093,0.8906483278510536,0.943530541056092,0.9649843826976809,0.8906483278510536
5.0,178.5799999996,1.749764936253026,99999.99996999998,0.6129035992339601,0.8601263747563064,0.9271600466703078,0.9546829678217611,0.8601263747563064
6.0,179.4749999995,2.1903307858108136,99999.99996999998,0.5418268887080249,0.8281060867899344,0.9096718024380288,0.9436001516252323,0.8281060867899344
7.0,180.3699999994,2.6326277849666098,99999.99996999998,0.47876080595066506,0.797158987915055,0.8924466449719405,0.9326032034757237,0.797158987915055
8.0,181.2649999993,3.0754718088115913,99999.99996999998,0.4229705774943307,0.7673322646818937,0.8755269547754133,0.9217210528831893,0.7673322646818937
9.0,182.15999999919998,3.517695299213207,99999.99996999998,0.3737464927105391,0.7386610160774518,0.8589510786667164,0.9109808639772508,0.7386610160774518
10.0,183.0549999991,3.435137287428166,99999.99996999998,0.3824797630519967,0.743931048777565,0.8620215980393054,0.912976387986686,0.743931048777565
11.0,183.94999999900003,3.5313887818942495,99999.99996999998,0.3723173532353862,0.7377905190256977,0.8584428455877275,0.9106502984139916,0.7377905190256977
12.0,184.84499999890002,3.773105201536541,99999.99996999998,0.347971087451579,0.7225923439320389,0.8495208921949104,0.9048348845719377,0.7225923439320389
13.0,185.73999999880002,4.002117289001352,99999.99996999998,0.3263748620022558,0.7084818980338055,0.8411534269480008,0.8993593866153675,0.7084818980338055
14.0,186.6349999987,4.217843097853322,99999.99996999998,0.30725899899627324,0.6954422013780983,0.8333468027587527,0.8942318632375822,0.6954422013780983
15.0,187.5299999986,4.374762029198275,99999.99996999998,0.29406134538137774,0.6861081605332247,0.8277138220697702,0.8905204789391129,0.6861081605332247
16.0,188.4249999985,4.358045112964554,99999.99996999998,0.29543990432344575,0.6870965443282164,0.8283120991695301,0.890915126603747,0.6870965443282164
17.0,189.31999999840002,4.559277670285947,99999.99996999998,0.2792660154248811,0.6752927173943952,0.8211388812652616,0.8861760886530714,0.6752927173943952
18.0,190.21499999830002,4.731703385224332,99999.99996999998,0.26611370524421335,0.6653400809730032,0.8150419621878335,0.8821355122303328,0.6653400809730032
19.0,191.1099999982,4.975381756302528,103999.99996879998,0.24857573591895904,0.6515242716223383,0.8065026875448501,0.8764566171098658,0.6515242716223383
20.0,192.0049999981,4.9176306856647996,99999.99996999998,0.25262473141825326,0.6547724151584119,0.8085183467183096,0.8777991845990717,0.6547724151584119
21.0,192.899999998,4.978438702489611,103999.99996879998,0.24836322754317974,0.6513527868858352,0.8063961324992717,0.8763856080325061,0.6513527868858352
22.0,193.7949999979,5.059350372513472,99999.99996999998,0.24280409131663616,0.6468302763286364,0.8035809308173325,0.8745082199347699,0.6468302763286364
23.0,194.6899999978,5.287050832066686,103999.99996879998,0.22781846041839132,0.634270911693702,0.7957110660884547,0.8692464576426739,0.634270911693702
24.0,195.5849999977,5.3869100968950985,105999.99996819998,0.22154163778252012,0.6288401409965341,0.79228405148602,0.866948881322446,0.6288401409965341
25.0,196.4799999976,5.446895339016267,103999.99996879998,0.21785461512191034,0.6256002699191248,0.7902325513510419,0.8655716529374026,0.6256002699191248
26.0,197.3749999975,5.453602842876575,103999.99996879998,0.2174461683316139,0.6252390292158712,0.7900034846340707,0.8654177883776246,0.6252390292158712
27.0,198.26999999740002,5.3304954312923005,115999.99996519997,0.22506611326138265,0.6319024699316466,0.7942182971158824,0.8682461307197186,0.6319024699316466
28.0,199.16499999730001,5.440342727480142,103999.99996879998,0.21825437073510123,0.625953370246804,0.7904563925053503,0.8657219908117015,0.625953370246804
29.0,200.0599999972,5.56969825703387,109999.99996699997,0.2104967577392004,0.6190195170338219,0.7860492357861105,0.862758985523653,0.6190195170338219
30.0,200.9549999971,5.5659442742875145,103999.99996879998,0.21071795563957801,0.619219655722506,0.7861767875161759,0.8628448308417348,0.619219655722506
31.0,201.84999999700003,5.71392810764204,99999.99996999998,0.20217178485852064,0.6113788799843782,0.7811642757360054,0.859467226238332,0.6113788799843782
32.0,202.74499999690002,5.725296592988093,107999.99996759997,0.20152976584088228,0.6107806547696606,0.7807805266255582,0.8592082978042416,0.6107806547696606
33.0,203.63999999680001,5.832681791572832,105999.99996819998,0.19556503035463874,0.6051586981970298,0.7771649713342427,0.8567663394918493,0.6051586981970298
34.0,204.5349999967,5.868881433033917,111999.99996639998,0.1935943630577623,0.6032752179690544,0.7759499416948163,0.8559447183855249,0.6032752179690544
35.0,205.4299999966,5.469365023683033,111999.99996639998,0.21648935758846632,0.6243909587888409,0.7894654546492839,0.8650563247064087,0.6243909587888409
36.0,206.3249999965,5.860062133513036,99999.99996999998,0.19407263834584226,0.6037335484473688,0.7762457835873715,0.8561448168762098,0.6037335484473688
37.0,207.2199999964,5.966438538995361,105999.99996819998,0.18838177486473584,0.5982284226948761,0.7726849175460166,0.8537343914233354,0.5982284226948761
38.0,208.1149999963,5.821774135540235,115999.99996519997,0.1961627543747142,0.6057273794746956,0.7775314562707918,0.8570140645012336,0.6057273794746956
39.0,209.0099999962,5.865067606498701,115999.99996519997,0.19380104407832036,0.6034733761359349,0.776077862013936,0.8560312434333035,0.6034733761359349
40.0,209.9049999961,6.001555973207416,115999.99996519997,0.18653996353200303,0.5964220907480066,0.7715129792324579,0.8529401423733433,0.5964220907480066
41.0,210.799999996,5.977334262461646,113999.99996579997,0.187808387122089,0.5976673958660121,0.7723211153252723,0.8534878843487462,0.5976673958660121
42.0,211.69499999590002,6.040577843868034,115999.99996519997,0.1845144896172477,0.5944213234609436,0.7702128269402896,0.8520584535779213,0.5944213234609436
43.0,212.58999999579999,5.909087055237401,119999.99996399997,0.1914288819806297,0.6011901754181596,0.7746026789847036,0.8550330972729668,0.6011901754181596
44.0,213.4849999957,6.128916065302742,123999.99996279996,0.1800100727400979,0.5899167208991608,0.7672776137549451,0.8500658405164678,0.5899167208991608
45.0,214.3799999956,6.030949117086594,121999.99996339997,0.18501222633353764,0.5949143922831132,0.7705334384306959,0.8522759273642939,0.5949143922831132
46.0,215.27499999550002,5.702049436452573,123999.99996279996,0.20284480103747227,0.6120045778437466,0.7815654479321571,0.8597378580182401,0.6120045778437466
47.0,216.16999999540002,5.727609348523754,123999.99996279996,0.2013994060484812,0.6106590260892932,0.7807024814443473,0.8591556320720324,0.6106590260892932
48.0,217.0649999953,5.895015624673176,125999.99996219997,0.1921840022207249,0.6019190914682377,0.7750739366422332,0.8553520419886844,0.6019190914682377
49.0,217.9599999952,5.9783018699166695,125999.99996219997,0.18775755120819324,0.5976175986670001,0.7722888157262842,0.8534659964413434,0.5976175986670001
50.0,218.8549999951,5.663293472870786,127999.99996159997,0.20505623680385715,0.6140504681633911,0.782875766176862,0.860621427906025,0.6140504681633911
51.0,219.749999995,5.686556252079124,133999.99995979996,0.20372597448539095,0.612821629166116,0.782089000820235,0.8600909673186541,0.612821629166116
52.0,220.64499999490002,5.866654896184461,125999.99996219997,0.19371499799478648,0.6033908960952373,0.7760246198511013,0.855995231211187,0.6033908960952373
53.0,221.5399999948,5.593418563019079,135999.99995919998,0.20910443268014173,0.617756394751663,0.785243752518108,0.8622167518141068,0.617756394751663
54.0,222.4349999947,5.71593249978235,133999.99995979996,0.20205844133765155,0.611273363604808,0.7810966027483642,0.8594215685708173,0.611273363604808
55.0,223.3299999946,5.755501595820765,133999.99995979996,0.19983386852910373,0.6091940684296178,0.779761856688769,0.8585207280538989,0.6091940684296178
56.0,224.2249999945,5.493189047987967,147999.99995559995,0.21505115414995984,0.6231113106839467,0.7886529351958103,0.8645102706376002,0.6231113106839467
57.0,225.1199999944,5.874381374787649,147999.99995559995,0.1932966952068513,0.602989567478632,0.775765504175121,0.8558199555034443,0.602989567478632
58.0,226.0149999943,6.318403760017201,145999.99995619996,0.17071544685764392,0.5803690477623853,0.7610191838904519,0.8458073398346249,0.5803690477623853
59.0,226.90999999420004,6.468586958985399,137999.99995859998,0.16369091752736234,0.572911696825732,0.7560951928773172,0.8424473188954836,0.572911696825732
60.0,227.8049999941,6.3227879755526315,141999.99995739997,0.1705061736561232,0.5801499800367946,0.7608749871474718,0.845709062954867,0.5801499800367946
61.0,228.69999999400002,6.583979618112962,135999.99995919998,0.15849064174177352,0.5672470326654782,0.7523335187218853,0.8398747309532234,0.5672470326654782
62.0,229.5949999939,6.433227653132477,135999.99995919998,0.1653183145166231,0.5746587937914596,0.7572516278493261,0.8432372027697146,0.5746587937914596
63.0,230.4899999938,6.56556152262336,135999.99995919998,0.1593094515089784,0.5681474122447625,0.7529326708498681,0.8402848202991114,0.5681474122447625
64.0,231.38499999369998,6.605953519392169,123999.99996279996,0.15751925600672245,0.5661746919043901,0.751619317719409,0.8393857313922065,0.5661746919043901
65.0,232.27999999360003,6.535301376320239,131999.99996039996,0.16066391560039048,0.5696298014777561,0.7539180884272499,0.8409590144099655,0.5696298014777561
66.0,233.1749999935,6.614963021990131,131999.99996039996,0.1571227018964225,0.5657356084751307,0.7513266847266189,0.8391853193602518,0.5657356084751307
67.0,234.06999999340002,6.7284021432459635,127999.99996159997,0.1522142622584848,0.5602361347138116,0.7476518610778962,0.8366660113661397,0.5602361347138116
68.0,234.96499999330004,7.054951207473262,123999.99996279996,0.13892407392291958,0.5447018248531794,0.7371734436324655,0.8294560027294848,0.5447018248531794
69.0,235.8599999932,7.13258354541107,127999.99996159997,0.1359391894565814,0.5410725914901767,0.7347040346709537,0.8277510884633232,0.5410725914901767
70.0,236.75499999309997,6.990845110516866,123999.99996279996,0.14143823183665066,0.547717063397247,0.7392188515381515,0.8308665087284719,0.547717063397247
71.0,237.649999993,7.280099413080851,123999.99996279996,0.13044292781170258,0.5342428694221216,0.7300344692226433,0.8245210847375808,0.5342428694221216
72.0,238.54499999290002,6.622540941533857,123999.99996279996,0.15678993213348114,0.5653665577601779,0.7510806384599031,0.8390167892516525,0.5653665577601779
73.0,239.4399999928,6.672255283718834,123999.99996279996,0.1546242321525413,0.5629513929413194,0.7494684684249249,0.8379119998362783,0.5629513929413194
74.0,240.33499999270003,6.9764010603750295,119999.99996399997,0.14201096041590744,0.5483987419241235,0.7396804950033296,0.8311846475137965,0.5483987419241235
75.0,241.2299999926,7.330282364056608,115999.99996519997,0.12862428774726392,0.5319391948161847,0.728452719574698,0.8234251557310611,0.5319391948161847
76.0,242.12499999250002,6.830885667006939,123999.99996279996,0.14791183737615243,0.5553137622369446,0.7443473968974066,0.8343965137430048,0.5553137622369446
77.0,243.0199999924,7.391965561731019,103999.99996879998,0.12642357668036452,0.5291211999011327,0.7265131804746676,0.8220800720648886,0.5291211999011327
78.0,243.9149999923,7.808168195822762,103999.99996879998,0.1125270008656114,0.510493257237039,0.7135605805324376,0.8130614741730543,0.510493257237039
79.0,244.8099999922,7.2591132701590375,119999.99996399997,0.1312110742040237,0.5352092052408886,0.7306969634113405,0.8249798266540072,0.5352092052408886
80.0,245.70499999210003,7.629462223916037,111999.99996639998,0.11829616964367608,0.5184098667430164,0.7190935383752568,0.8169216279473386,0.5184098667430164
81.0,246.599999992,7.6363923451432605,111999.99996639998,0.11806702707056907,0.5181005889422479,0.7188781757812109,0.8167715922549151,0.5181005889422479
82.0,247.49499999190002,7.878382305193586,111999.99996639998,0.11033804193444355,0.5074159818237287,0.7113983325417539,0.8115498042241366,0.5074159818237287
83.0,248.38999999180004,7.682387793638306,111999.99996639998,0.11655740811696189,0.5160525727001526,0.7174504407025926,0.815776498416295,0.5160525727001526
84.0,249.2849999917,7.945658218764015,111999.99996639998,0.10828063931942934,0.5044848820744461,0.7093327132992975,0.8101040286225628,0.5044848820744461
85.0,250.1799999916,7.926704130314326,111999.99996639998,0.10885637212471799,0.505308962821783,0.7099140662726351,0.8105110957487246,0.505308962821783
86.0,251.07499999150002,8.186974687510705,111999.99996639998,0.10121136678333502,0.4941097223503882,0.7019726235523711,0.8049392359606131,0.4941097223503882
87.0,251.96999999140004,8.212099293988185,111999.99996639998,0.1005024124178927,0.49304185530312955,0.7012107327124572,0.8044034010327723,0.49304185530312955
88.0,252.8649999913,8.266254510612024,111999.99996639998,0.09899112849263383,0.4907479469172214,0.6995713144521336,0.8032496401807829,0.4907479469172214
89.0,253.75999999119998,7.890246511838528,107999.99996759997,0.10997239779585012,0.5068978440529815,0.7110336211786281,0.8112946523016931,0.5068978440529815
90.0,254.6549999911,7.956918410892396,107999.99996759997,0.10794005242781568,0.5039959509803036,0.7089875701894232,0.809862296127912,0.5039959509803036
91.0,255.54999999100002,8.13171494285146,103999.99996879998,0.10278830590961072,0.4964665630176201,0.703651260961896,0.8061190221045531,0.4964665630176201
92.0,256.4449999909,8.54252279272261,103999.99996879998,0.09162793114841598,0.4792108097697611,0.6912674214156351,0.797389530061748,0.4792108097697611
93.0,257.33999999080004,8.493893112613367,103999.99996879998,0.09288310038145466,0.4812217626794062,0.6927219193206572,0.798417937230333,0.4812217626794062
94.0,258.2349999907,8.451388361360923,107999.99996759997,0.09399425443264083,0.48298634537322704,0.6939957288730967,0.7993179023131649,0.48298634537322704
95.0,259.1299999906,8.078004043932612,103999.99996879998,0.10434458885430108,0.4987681181922904,0.7052866956192974,0.8072673978051974,0.4987681181922904
96.0,260.0249999905,8.20569923781178,107999.99996759997,0.10068253343281089,0.49331365658032844,0.7014047326134634,0.8045398617860291,0.49331365658032844
97.0,260.9199999904,8.67581213249973,103999.99996879998,0.0882739089579452,0.4737419565622829,0.6872964185526447,0.7945775496082981,0.4737419565622829
98.0,261.8149999903,8.333598694438452,111999.99996639998,0.0971434489713907,0.4879102620616967,0.6975379778878601,0.8018172004742217,0.4879102620616967
99.0,262.7099999902,8.455771609465433,103999.99996879998,0.09387905606576594,0.48280407621632454,0.6938642606448864,0.7992250476727817,0.48280407621632454
100.0,263.6049999901,8.413560672972581,107999.99996759997,0.09499431550558483,0.48456220099693026,0.6951313429911883,0.8001196917231725,0.48456220099693026
101.0,264.49999999,8.682522266452787,103999.99996879998,0.08810834294884981,0.4734682962548392,0.6870971120854591,0.7944362496260653,0.4734682962548392
102.0,265.39499998990004,8.750375472742832,103999.99996879998,0.0864514789676886,0.47070989560673854,0.6850849595247532,0.7930088281862593,0.47070989560673854
103.0,266.28999998980004,8.62702078843035,103999.99996879998,0.08948718040185541,0.4757365828498945,0.6887473736692307,0.795605739088713,0.4757365828498945
104.0,267.1849999897,8.614408466847234,103999.99996879998,0.0898035083436109,0.47625354849332047,0.6891229363833972,0.7958717373377822,0.47625354849332047
105.0,268.0799999896,8.47822742714699,103999.99996879998,0.09329109405198341,0.4818713714290562,0.6931911263077896,0.7987495132370847,0.4818713714290562
106.0,268.9749999895,8.847365455054284,103999.99996879998,0.08413709503478936,0.46679489266745505,0.6822189975975599,0.7909729112213698,0.46679489266745505
107.0,269.8699999894,9.243987920419118,103999.99996879998,0.07530005653064346,0.45112116468903446,0.6706234040838108,0.7827016547795581,0.45112116468903446
108.0,270.7649999893,9.666838327162985,103999.99996879998,0.0668984762077258,0.43499016425745285,0.658478002384979,0.7739786744281533,0.43499016425745285
109.0,271.6599999892,10.114648701173232,103999.99996879998,0.059020699261193105,0.4185354204854874,0.6458554170363855,0.7648467636689243,0.4185354204854874
110.0,272.55499998910005,10.250868775958374,103999.99996879998,0.0568136543735647,0.4136545994903099,0.6420639469435647,0.7620903458908612,0.4136545994903099
111.0,273.449999989,10.010762060858312,103999.99996879998,0.06076132748438456,0.4222963932004261,0.6487619785049694,0.766955612336535,0.4222963932004261
112.0,274.34499998890004,10.120060972445126,103999.99996879998,0.05893139537348779,0.4183404024344504,0.645704348798472,0.764737056227685,0.4183404024344504
113.0,275.2399999888,9.845650364148462,103999.99996879998,0.06363402574844892,0.42834354030347016,0.6534084462458797,0.7703192710801006,0.42834354030347016
114.0,276.13499998870003,10.246365165288,103999.99996879998,0.056885285607535516,0.41381505223513715,0.642188941324837,0.7621813176231612,0.41381505223513715
115.0,277.02999998859997,10.06779481307042,103999.99996879998,0.059799479374436394,0.4202274911955209,0.6471646889984255,0.7657971561692942,0.4202274911955209
116.0,277.9249999885,10.29431556380224,103999.99996879998,0.05612723620728378,0.4121098871701016,0.6408593622417308,0.7612132898310353,0.4121098871701016
117.0,278.81999998840007,9.932238390975298,103999.99996879998,0.06211098126336045,0.42516156943891614,0.6509676065653399,0.7685534625646746,0.42516156943891614
118.0,279.7149999883,10.108185630233695,103999.99996879998,0.0591275189272169,0.4187684206552653,0.646035861677304,0.7649777915744695,0.4187684206552653
119.0,280.6099999882,10.279558774012056,103999.99996879998,0.056359444438466674,0.41263390387200904,0.6412682482322715,0.7615110704515301,0.41263390387200904
120.0,281.5049999881,9.940082916942963,107999.99996759997,0.0619748136477268,0.4248744660836786,0.6507469272862243,0.7683936875422777,0.4248744660836786
121.0,282.39999998800005,9.722819442541496,103999.99996879998,0.06585885194255231,0.432898274220814,0.6568866491040147,0.7728311507932579,0.432898274220814
122.0,283.2949999879,9.506107339911468,107999.99996759997,0.06997551231064904,0.4410526714072683,0.6630684962984605,0.7772828813363711,0.4410526714072683
123.0,284.1899999878,10.045673689196315,103999.99996879998,0.06017072764970209,0.4210287440595535,0.6477837575399511,0.7662462752456443,0.4210287440595535
124.0,285.08499998770003,9.92203899488585,107999.99996759997,0.062288472891305964,0.42553514927725083,0.651254644082232,0.7687612505769106,0.42553514927725083
125.0,285.9799999876,10.163871006306028,103999.99996879998,0.058213474368113055,0.4167651553296683,0.6444828155905901,0.7638496001788068,0.4167651553296683
126.0,286.8749999875,9.681434392586613,111999.99996639998,0.0666258417146493,0.4344437694379857,0.6580627145743737,0.7736793142425704,0.4344437694379857
127.0,287.7699999874,10.234769534371571,107999.99996759997,0.05707013337931936,0.4142284629704989,0.6425108814737243,0.7624155962479755,0.4142284629704989
128.0,288.6649999873,9.68762869477334,119999.99996399997,0.06651047671792237,0.43421209699546903,0.6578865532224633,0.7735523062740502,0.43421209699546903
129.0,289.5599999872,9.893784873164847,111999.99996639998,0.06278280905914421,0.4265717462104745,0.6520504496116177,0.7693371533406455,0.4265717462104745
130.0,290.4549999871,10.14197669275529,111999.99996639998,0.05857115952140392,0.4175516511865237,0.6450929946244868,0.7642929825776034,0.4175516511865237
131.0,291.34999998700005,9.112654696331798,111999.99996639998,0.07811836477343817,0.45625202465766423,0.674441049928815,0.7854308850775256,0.45625202465766423
132.0,292.24499998690004,9.084621799157206,111999.99996639998,0.07873345745708571,0.4573547346741041,0.675258731501112,0.7860146668781516,0.4573547346741041
133.0,293.13999998680004,9.28535907051257,111999.99996639998,0.07443349956138086,0.4495168791632039,0.6694252927923307,0.7818438884192924,0.4495168791632039
134.0,294.0349999867,9.222345200717506,115999.99996519997,0.07575739517158611,0.451962703278879,0.671251032769351,0.7831507577198413,0.451962703278879
135.0,294.9299999866,8.972005615351309,115999.99996519997,0.08125365813392832,0.46181156126338097,0.6785535956675602,0.7883642618400719,0.46181156126338097
136.0,295.8249999865,9.102984574937741,111999.99996639998,0.07832999998380806,0.4566321105961738,0.6747230023204319,0.7856322152204231,0.4566321105961738
137.0,296.7199999864,9.777563507840831,103999.99996879998,0.06485782723660123,0.4308623393544646,0.655334180337515,0.7717106301052046,0.4308623393544646
138.0,297.6149999863,8.990369016404326,119999.99996399997,0.08083727213901275,0.4610818705381083,0.6780152341206926,0.7879806538797792,0.4610818705381083
139.0,298.5099999862,9.372623939514526,115999.99996519997,0.07263821923516371,0.44615161672262876,0.6669051109535564,0.7800376686395258,0.44615161672262876
140.0,299.40499998610005,9.056840088156736,119999.99996399997,0.07934781679783853,0.45845019335338866,0.6760700643696316,0.7865936458441354,0.45845019335338866
141.0,300.299999986,9.318053057558188,119999.99996399997,0.07375575381121943,0.4482531124083395,0.668479987077348,0.7811666945350799,0.4482531124083395
142.0,301.1949999859,9.19373747803792,119999.99996399997,0.07636617846081066,0.4530774730114014,0.6720815447098033,0.7837447852341737,0.4530774730114014
143.0,302.08999998580003,9.26521759962508,119999.99996399997,0.07485412844011229,0.4502972088056867,0.6700083235303655,0.7822613729608557,0.4502972088056867
144.0,302.98499998570003,9.601258941569743,123999.99996279996,0.06813724156771485,0.43745358086532915,0.6603471059311841,0.775325114619407,0.43745358086532915
145.0,303.8799999856,9.195400125169504,131999.99996039996,0.07633066317052209,0.45301260871589716,0.6720332482219245,0.7837102487258372,0.45301260871589716
146.0,304.77499998549996,8.93116912398429,127999.99996159997,0.08218732056914797,0.4634383879408431,0.6797523356948783,0.7892179979326073,0.4634383879408431
147.0,305.66999998540007,9.319647811050356,123999.99996279996,0.0737228529083843,0.44819155911510455,0.6684339109360258,0.7811336772509109,0.44819155911510455
148.0,306.5649999853,8.871940765504755,131999.99996039996,0.08356058140126146,0.46580809095700865,0.6814947262828399,0.790457881326947,0.46580809095700865
149.0,307.4599999852,9.15180858938984,131999.99996039996,0.07726729185804854,0.45471630458862866,0.6733006409931266,0.7846162354791419,0.45471630458862866
150.0,308.3549999851,9.265193454209783,131999.99996039996,0.07485463411004974,0.45029814507033183,0.670009022767045,0.7822618735713504,0.45029814507033183
151.0,309.24999998500004,8.639791743274767,139999.99995799997,0.08916800914172959,0.4752136867846819,0.6883672958156819,0.7953364857957712,0.4752136867846819
152.0,310.14499998490004,9.002234639479859,135999.99995919998,0.08056935730960649,0.4606109897449977,0.6776675957255148,0.7877328825450228,0.4606109897449977
153.0,311.0399999848,8.908802676475506,135999.99995919998,0.08270323372874776,0.46433184060940863,0.6804097917904479,0.7896859872803892,0.46433184060940863
154.0,311.9349999847,8.730134545151188,141999.99995739997,0.08694244150166285,0.47153105320902117,0.685684576514237,0.7934343660180936,0.47153105320902117
155.0,312.8299999846,8.871839030701972,137999.99995859998,0.08356295984242157,0.4658121717326266,0.6814977229747772,0.7904600127129646,0.4658121717326266
156.0,313.7249999845,8.852724585196494,137999.99995859998,0.08401103671807095,0.4665795230529223,0.6820609903847459,0.7908605702133797,0.4665795230529223
157.0,314.6199999844,8.671621238491793,147999.99995559995,0.0883774729783621,0.47391295460227917,0.687420927106936,0.7946658129432277,0.47391295460227917
158.0,315.5149999843,9.074705414666722,147999.99995559995,0.07895219861321208,0.4577454461924028,0.6755482162833247,0.786221278299665,0.4577454461924028
159.0,316.40999998420006,10.099616398384034,131999.99996039996,0.05926944673425218,0.4190775500484176,0.6462751866662364,0.7651515529657152,0.4190775500484176
160.0,317.3049999841,9.647883314335779,137999.99995859998,0.06725419566953149,0.4357007594186528,0.6590177023231294,0.7743676079882317,0.4357007594186528
161.0,318.199999984,9.58873601373846,137999.99995859998,0.06837638953124954,0.4379255746491763,0.6607046295973367,0.775582494769792,0.4379255746491763
162.0,319.0949999839,10.067445173874383,127999.99996159997,0.059805329349143926,0.4202401436664844,0.647174469188723,0.7658042527495699,0.4202401436664844
163.0,319.98999998380003,10.098674952450773,129999.99996099996,0.05928506017734752,0.41911152599946977,0.6463014851554028,0.765170645409101,0.41911152599946977
164.0,320.8849999837,10.173828223148115,131999.99996039996,0.058051527735189186,0.41640795863802216,0.6442055059594969,0.763648041380435,0.41640795863802216
165.0,321.7799999836,10.050778656139432,127999.99996159997,0.06008484937282788,0.4208437007171444,0.6476408404470109,0.7661426071368804,0.4208437007171444
166.0,322.6749999835001,10.300607230636809,125999.99996219997,0.056028523645685196,0.4118866711571305,0.6406851099501835,0.761086364263334,0.4118866711571305
167.0,323.5699999834,10.672385555645539,123999.99996279996,0.05049352528327181,0.39890912137082346,0.6304721155518271,0.7536237100960073,0.39890912137082346
168.0,324.4649999833,10.877099409056981,119999.99996399997,0.047682786522634565,0.39193863446595434,0.6249181617546063,0.7495458025399782,0.39193863446595434
169.0,325.3599999832,11.166197472498842,117999.99996459998,0.04397788413794813,0.3823018340715429,0.6171580694927834,0.7438245143789637,0.3823018340715429
170.0,326.25499998310005,10.579353430834741,133999.99995979996,0.051825046610894696,0.40211769429835287,0.6330123943226058,0.7554842383789082,0.40211769429835287
171.0,327.14999998300004,11.361443145226863,119999.99996399997,0.04163999903344313,0.375927919304344,0.61197179245591,0.7399853037591412,0.375927919304344
172.0,328.0449999829,10.656705985448585,115999.99996519997,0.0507155176340878,0.39944809260165054,0.630899536994379,0.7539369609014497,0.39944809260165054
173.0,328.93999998280003,11.21868671266239,109999.99996699997,0.043336770732849916,0.3805777446845603,0.6157595025978073,0.7427904395598945,0.3805777446845603
174.0,329.8349999827,11.048873092180893,115999.99996519997,0.045445407979981936,0.38618382561564213,0.6202956538205164,0.7461410949687157,0.38618382561564213
175.0,330.7299999826,11.118216740866771,115999.99996519997,0.044572223746469894,0.383884666671815,0.6184392867587194,0.7447710277888067,0.383884666671815
176.0,331.62499998249996,11.255539771930486,111999.99996639998,0.04289223333482467,0.37937189759820367,0.6147794532981177,0.7420652675826926,0.37937189759820367
177.0,332.5199999824,11.186877173251984,113999.99996579997,0.04372417386181007,0.3816216472129188,0.6166066835601218,0.7434169380339593,0.3816216472129188
178.0,333.41499998230006,12.310817449390612,99999.99996999998,0.03192681190955129,0.3464175346895342,0.5873682314900632,0.721597860689052,0.3464175346895342
179.0,334.3099999822,11.541820613801333,111999.99996639998,0.03959074501300345,0.3701338645785399,0.6072191960655084,0.7364560660100307,0.3701338645785399
180.0,335.2049999821,12.027213125725755,107999.99996759997,0.03456330986675712,0.35498181481766533,0.5946125397615304,0.7270423177721892,0.35498181481766533
181.0,336.09999998200004,12.245685054468298,109999.99996699997,0.032513937277948546,0.3483659414713117,0.5890241084010754,0.7228446137406817,0.3483659414713117
182.0,336.99499998190004,12.503254244116329,107999.99996759997,0.03025333320492593,0.3407243036131368,0.5825030082000244,0.7179268171340889,0.3407243036131368
183.0,337.8899999818,12.753498462873289,107999.99996759997,0.028207651497788942,0.333460560311425,0.5762365125784894,0.7131809230542656,0.333460560311425
184.0,338.7849999817,12.528845425277648,107999.99996759997,0.03003749666381561,0.3399742725680373,0.5818590503613011,0.7174400329310548,0.3399742725680373
185.0,339.6799999816001,13.594567527478869,107999.99996759997,0.022293156447436995,0.3101631239676166,0.5556647510351644,0.6974587339961436,0.3101631239676166
186.0,340.5749999815,14.234961664317638,103999.99996879998,0.01863629206842428,0.2935220235693298,0.5404952025575749,0.6857206107351981,0.2935220235693298
187.0,341.4699999814,13.515386628137495,115999.99996519997,0.022792531224206863,0.31228517720881027,0.5575697105498201,0.6989239713500497,0.31228517720881027
188.0,342.3649999813,14.548984779679735,103999.99996879998,0.01706882617782756,0.2856911924145915,0.533208708956107,0.6800371086403127,0.2856911924145915
189.0,343.25999998120005,14.027913848346309,103999.99996879998,0.01974772930066354,0.29880225460576104,0.545353860422575,0.6894939275288257,0.29880225460576104
190.0,344.1549999811,14.588032043013074,99999.99996999998,0.016883370813878397,0.2847321854734642,0.5323095623662896,0.6793336934386416,0.2847321854734642
191.0,345.049999981,14.615644035582307,103999.99996879998,0.016753444924285914,0.28405597431519286,0.53167465263563,0.6788367176370199,0.28405597431519286
192.0,345.94499998090004,15.058128023638483,99999.99996999998,0.014802648880770704,0.2734361340107554,0.5216028723909671,0.6709220625578942,0.2734361340107554
193.0,346.83999998080003,15.022436679804043,103999.99996879998,0.014951204039662729,0.27427782098633424,0.5224081525537466,0.6715570332046252,0.27427782098633424
194.0,347.7349999807,15.212508956048936,103999.99996879998,0.014176895877692402,0.26982511121063174,0.5181339500691444,0.6681824397471627,0.26982511121063174
195.0,348.62999998059996,15.56709656814478,109999.99996699997,0.012837972674392037,0.2617107077726161,0.5102535016842145,0.6619322571640094,0.2617107077726161
196.0,349.5249999805,16.335350248182188,99999.99996999998,0.01035496474405621,0.24495726785674332,0.49358835469323786,0.6485903652982905,0.24495726785674332
197.0,350.4199999804,16.722829128646417,99999.99996999998,0.00929110608097362,0.23691872596307795,0.4853906856505022,0.6419635688923517,0.23691872596307795
198.0,351.3149999803,17.126208803416393,99999.99996999998,0.008299542682204066,0.2288304367472911,0.4770012243359234,0.6351367538129556,0.2288304367472911
199.0,352.20999998020005,17.546327978564623,99999.99996999998,0.007379160364350854,0.2206999152334736,0.4684177328794151,0.6281038070740539,0.2206999152334736
200.0,353.10499998010005,17.95464464623883,99999.99996999998,0.00658254468366705,0.21307472351297488,0.46022341398994904,0.6213430720300527,0.21307472351297488
201.0,353.99999998000004,18.383336647191747,99999.99996999998,0.005838549244585796,0.20535236257607647,0.4517744033760191,0.6143232650132491,0.20535236257607647
